feature,perm_mean,perm_std
hr,26896.95745894952,779.0965263558084
peak_weekday,17755.360378886857,638.9270233542767
atemp,10701.831341829637,444.85780497240285
peak_weekend,6350.245205570414,198.9106820436081
hr_cos,4548.31452952477,131.12825527322113
hr_sin,2806.437294871508,85.80870672464815
hum,2245.566677535761,148.54228432824956
weathersit,1136.535205308186,111.23233440105918
weekday_sin,646.0237778709168,64.61135039627281
workingday,509.8804680349684,38.38883302860904
weekday_cos,184.1507166696214,24.93531389065514
mnth_cos,153.07856160961327,12.943543744641637
weekday,115.48943021971645,8.504214783945633
season,101.16530294150634,19.276684897393864
weekend,43.681129599389166,8.690773342857614
windspeed,33.386452650642966,18.22414417152309
holiday,16.619418263828265,36.24210559344237
yr,-3.637978807091713e-13,4.455595886216867e-13
mnth_sin,-0.5105784871759169,0.21835776363326018
mnth,-0.6136019721603588,0.4884743196609023
