feature,rf_importance
num__hr,0.33833342596880533
num__atemp,0.17103250561356742
num__peak_weekday,0.1425222105289238
num__peak_weekend,0.08005138431405398
num__yr,0.06536225534193053
num__hr_cos,0.04346643865063957
num__hr_sin,0.041317559871984565
num__hum,0.03323665706699581
cat__weathersit_3,0.016105377158428538
num__windspeed,0.01012696114086188
num__mnth,0.009338284486553251
cat__season_4,0.008857683651027883
num__weekday_sin,0.006653004635613239
cat__season_1,0.005058561466151604
num__mnth_cos,0.00490001972105604
num__workingday,0.004650832411231452
num__mnth_sin,0.004043402430499067
num__weekday,0.003695129229334965
num__weekday_cos,0.0036314316315651093
cat__weathersit_1,0.002079154085264367
cat__season_2,0.0017534512269139681
num__holiday,0.0013750751360216153
num__weekend,0.0012024457147166454
cat__weathersit_2,0.0008160045995071365
cat__season_3,0.0003907439183522741
cat__weathersit_4,0.0
