g,MAE,RMSE,n
0,22.82112480469722,37.7042278761178,145
1,15.215112948683267,23.595190118782593,144
2,9.338954973845597,15.071161364184087,144
3,4.878024703724171,8.109597625429789,141
4,3.3388661250365796,4.62103642586129,143
5,10.780953386794533,13.522395691322444,144
6,26.899307276635398,33.68733691633344,144
7,75.38196518132716,96.6778168855729,144
8,112.41416240405044,140.98246383616384,144
9,54.774265325627304,68.37598183754903,144
10,36.66997606521565,49.909313375226326,144
11,47.9245920294983,64.80242948137865,144
12,79.83174097875305,98.59766724804709,145
13,74.8705021660227,93.29426106854716,146
14,64.53842369189032,85.35406914781093,146
15,85.11069780362332,104.54686865683642,146
16,106.187515616043,120.00240210974773,146
17,152.89370687921286,179.24836959579784,146
18,123.70019871405232,147.1011129580312,146
19,89.34648596779934,106.45384541639262,146
20,60.151017366670615,71.69638056065544,146
21,46.08086808644172,56.101015323140594,146
22,33.73794292237444,43.274552952899164,146
23,28.95752505114748,38.110415632541645,146
