model,fold,RMSLE,n_train,n_test
baseline_mean,0,1.3112792865125893,2899,2896
linear,0,1.2795267141864972,2899,2896
random_forest,0,0.43001828897502836,2899,2896
gradient_boosting,0,0.7154314590747372,2899,2896
baseline_mean,1,1.4586378380567093,5795,2896
linear,1,4.017583944000631,5795,2896
random_forest,1,0.47839008197198385,5795,2896
gradient_boosting,1,0.5595384967583242,5795,2896
baseline_mean,2,1.5200010842996612,8691,2896
linear,2,1.2830962956751457,8691,2896
random_forest,2,0.6379856868945026,8691,2896
gradient_boosting,2,0.739385052019198,8691,2896
baseline_mean,3,1.346413620202496,11587,2896
linear,3,1.0873529228686842,11587,2896
random_forest,3,0.3426283229752773,11587,2896
gradient_boosting,3,0.5919670009908988,11587,2896
baseline_mean,4,1.4553832370636097,14483,2896
linear,4,1.0050305975685356,14483,2896
random_forest,4,0.43535124559455896,14483,2896
gradient_boosting,4,0.5384570294173607,14483,2896
